<?xml version="1.0" encoding="UTF-8" standalone="no"?><configurationDescriptor version="62">
  <logicalFolder displayName="root" name="root" projectFiles="true">
    <logicalFolder displayName="Header Files" name="HeaderFiles" projectFiles="true">
      <itemPath>../mandm.h</itemPath>
      <itemPath>../config.h</itemPath>
      <itemPath>../crit.h</itemPath>
      <itemPath>../hwconf.h</itemPath>
      <itemPath>../mandm_defs.h</itemPath>
      <itemPath>../mandm_msg.h</itemPath>
      <itemPath>../model.h</itemPath>
      <itemPath>../power.h</itemPath>
      <itemPath>../mandm_vector.h</itemPath>
      <itemPath>../mandm_shared.h</itemPath>
      <itemPath>../daq.h</itemPath>
      <itemPath>../xlcd.h</itemPath>
    </logicalFolder>
    <logicalFolder displayName="Linker Files" name="LinkerScript" projectFiles="true">
      <itemPath>../18f8722_g.lkr</itemPath>
    </logicalFolder>
    <logicalFolder displayName="Source Files" name="SourceFiles" projectFiles="true">
      <itemPath>../crit.c</itemPath>
      <itemPath>../hwconf.c</itemPath>
      <itemPath>../model.c</itemPath>
      <itemPath>../power.c</itemPath>
      <itemPath>../daq.c</itemPath>
      <itemPath>../mandm8722.c</itemPath>
      <itemPath>../mandm_vector.c</itemPath>
      <itemPath>../xlcd/writdata.c</itemPath>
      <itemPath>../xlcd/openxlcd.c</itemPath>
      <itemPath>../xlcd/putrxlcd.c</itemPath>
      <itemPath>../xlcd/putsxlcd.c</itemPath>
      <itemPath>../xlcd/readaddr.c</itemPath>
      <itemPath>../xlcd/readdata.c</itemPath>
      <itemPath>../xlcd/setcgram.c</itemPath>
      <itemPath>../xlcd/setddram.c</itemPath>
      <itemPath>../xlcd/wcmdxlcd.c</itemPath>
      <itemPath>../xlcd/busyxlcd.c</itemPath>
      <itemPath>../config.c</itemPath>
    </logicalFolder>
    <logicalFolder displayName="Important Files" name="ExternalFiles" projectFiles="false">
      <itemPath>Makefile</itemPath>
    </logicalFolder>
    <logicalFolder displayName="Other Files" name="OtherFiles" projectFiles="false">
      <itemPath>../design.txt</itemPath>
      <itemPath>../mandm_manual.doc</itemPath>
      <itemPath>../mandm_design.pdf</itemPath>
      <itemPath>../mandm_rev2_design.txt</itemPath>
    </logicalFolder>
  </logicalFolder>
  <sourceRootList>
    <Elem>../</Elem>
  </sourceRootList>
  <projectmakefile>Makefile</projectmakefile>
  <confs>
    <conf name="default" type="2">
      <toolsSet>
        <developmentServer>localhost</developmentServer>
        <targetDevice>PIC18F8722</targetDevice>
        <targetHeader/>
        <targetPluginBoard/>
        <platformTool>Simulator</platformTool>
        <languageToolchain>C18</languageToolchain>
        <languageToolchainVersion>3.40</languageToolchainVersion>
        <platform>2</platform>
      </toolsSet>
      <compileType>
        <linkerTool>
          <linkerLibItems>
          </linkerLibItems>
        </linkerTool>
        <archiverTool>
        </archiverTool>
        <loading>
          <useAlternateLoadableFile>false</useAlternateLoadableFile>
          <parseOnProdLoad>true</parseOnProdLoad>
          <alternateLoadableFile/>
        </loading>
      </compileType>
      <makeCustomizationType>
        <makeCustomizationPreStepEnabled>false</makeCustomizationPreStepEnabled>
        <makeCustomizationPreStep/>
        <makeCustomizationPostStepEnabled>false</makeCustomizationPostStepEnabled>
        <makeCustomizationPostStep/>
        <makeCustomizationPutChecksumInUserID>false</makeCustomizationPutChecksumInUserID>
        <makeCustomizationEnableLongLines>false</makeCustomizationEnableLongLines>
        <makeCustomizationNormalizeHexFile>false</makeCustomizationNormalizeHexFile>
      </makeCustomizationType>
      <C18>
        <property key="code-model" value="ml"/>
        <property key="data-model" value="oa-"/>
        <property key="default-char-unsigned" value="false"/>
        <property key="enable-all-optimizations" value="true"/>
        <property key="enable-int-promotion" value="false"/>
        <property key="enable-multi-bank-stack-model" value="false"/>
        <property key="enable-ob" value="true"/>
        <property key="enable-od" value="true"/>
        <property key="enable-om" value="true"/>
        <property key="enable-on" value="true"/>
        <property key="enable-op" value="true"/>
        <property key="enable-opa" value="true"/>
        <property key="enable-or" value="true"/>
        <property key="enable-os" value="true"/>
        <property key="enable-ot" value="true"/>
        <property key="enable-ou" value="true"/>
        <property key="enable-ow" value="true"/>
        <property key="extra-include-directories" value="../C:/Program Files/Microchip/mplabc18/v3.40/h;.."/>
        <property key="optimization-master" value="Custom"/>
        <property key="preprocessor-macros" value=""/>
        <property key="procedural-abstraction-passes" value="4"/>
        <property key="storage-class" value="sca"/>
        <property key="verbose" value="true"/>
        <property key="warning-level" value="2"/>
      </C18>
      <C18-AS>
        <property key="cross.reference.file" value="&quot;$(BINDIR_)$(INFILEBASE).xrf&quot;"/>
        <property key="default.radix" value="HEX"/>
        <property key="enable.case.sensitivity" value="true"/>
        <property key="hex.output.format" value="INHX32"/>
        <property key="preprocessor.macros" value=""/>
        <property key="warning.level" value="0"/>
      </C18-AS>
      <C18-LD>
        <property key="cod-file" value="true"/>
        <property key="extra-lib-directories" value="..;"/>
        <property key="hex-output-format" value="INHX32"/>
        <property key="map-file" value="&quot;$(BINDIR_)$(TARGETBASE).map&quot;"/>
      </C18-LD>
      <C18LanguageToolchain>
        <property key="extended-mode" value="true"/>
        <property key="extended-mode-mcc18" value="true"/>
        <property key="extended-mode-mpasm" value="true"/>
        <property key="extended-mode-mplink" value="true"/>
        <property key="stack-analysis" value="false"/>
        <property key="stack-analysis-mcc18" value="false"/>
        <property key="stack-analysis-mplink" value="false"/>
      </C18LanguageToolchain>
      <Simulator>
      </Simulator>
    </conf>
  </confs>
</configurationDescriptor>